num_instances,mean_runtime,slowdown,interference_pct,isolation_quality
1,0.0007468461990356445,1.0,0.0,100.0
2,0.001013636589050293,1.357222665602554,35.72226656025539,64.27773343974461
